Filename,Title,Keywords,Category,Releases
tank01-s1.jpg,tank01 word or concept represented by wooden letter tiles on a wooden table with glasses and a book,"tank01,armour,tank,combat vechicle,tracks,weapon,cannon,afv,wood,wooden,brown table,tiles,concept,alphabet,letters,lettering,word,background,buzzword",8,
tank02-s1.jpg,tank02 word or concept represented by wooden letter tiles on a wooden table with glasses and a book,"tank02,armour,tank,combat vechicle,tracks,weapon,cannon,afv,wood,wooden,brown table,tiles,concept,alphabet,letters,lettering,word,background,buzzword",8,
tank03-s1.jpg,tank03 word or concept represented by wooden letter tiles on a wooden table with glasses and a book,"tank03,armour,tank,combat vechicle,tracks,weapon,cannon,afv,wood,wooden,brown table,tiles,concept,alphabet,letters,lettering,word,background,buzzword",8,
tank04-s1.jpg,tank04 word or concept represented by wooden letter tiles on a wooden table with glasses and a book,"tank04,armour,tank,combat vechicle,tracks,weapon,cannon,afv,wood,wooden,brown table,tiles,concept,alphabet,letters,lettering,word,background,buzzword",8,
tank05-s1.jpg,tank05 word or concept represented by wooden letter tiles on a wooden table with glasses and a book,"tank05,armour,tank,combat vechicle,tracks,weapon,cannon,afv,wood,wooden,brown table,tiles,concept,alphabet,letters,lettering,word,background,buzzword",8,
tank06-s1.jpg,tank06 word or concept represented by wooden letter tiles on a wooden table with glasses and a book,"tank06,armour,tank,combat vechicle,tracks,weapon,cannon,afv,wood,wooden,brown table,tiles,concept,alphabet,letters,lettering,word,background,buzzword",8,
tank07-s1.jpg,tank07 word or concept represented by wooden letter tiles on a wooden table with glasses and a book,"tank07,armour,tank,combat vechicle,tracks,weapon,cannon,afv,wood,wooden,brown table,tiles,concept,alphabet,letters,lettering,word,background,buzzword",8,
tank08-s1.jpg,tank08 word or concept represented by wooden letter tiles on a wooden table with glasses and a book,"tank08,armour,tank,combat vechicle,tracks,weapon,cannon,afv,wood,wooden,brown table,tiles,concept,alphabet,letters,lettering,word,background,buzzword",8,
tank09-s1.jpg,tank09 word or concept represented by wooden letter tiles on a wooden table with glasses and a book,"tank09,armour,tank,combat vechicle,tracks,weapon,cannon,afv,wood,wooden,brown table,tiles,concept,alphabet,letters,lettering,word,background,buzzword",8,
tank10-s1.jpg,tank10 word or concept represented by wooden letter tiles on a wooden table with glasses and a book,"tank10,armour,tank,combat vechicle,tracks,weapon,cannon,afv,wood,wooden,brown table,tiles,concept,alphabet,letters,lettering,word,background,buzzword",8,
tank11-s1.jpg,tank11 word or concept represented by wooden letter tiles on a wooden table with glasses and a book,"tank11,armour,tank,combat vechicle,tracks,weapon,cannon,afv,wood,wooden,brown table,tiles,concept,alphabet,letters,lettering,word,background,buzzword",8,
tank12-s1.jpg,tank12 word or concept represented by wooden letter tiles on a wooden table with glasses and a book,"tank12,armour,tank,combat vechicle,tracks,weapon,cannon,afv,wood,wooden,brown table,tiles,concept,alphabet,letters,lettering,word,background,buzzword",8,
tank13-s1.jpg,tank13 word or concept represented by wooden letter tiles on a wooden table with glasses and a book,"tank13,armour,tank,combat vechicle,tracks,weapon,cannon,afv,wood,wooden,brown table,tiles,concept,alphabet,letters,lettering,word,background,buzzword",8,
tank14-s1.jpg,tank14 word or concept represented by wooden letter tiles on a wooden table with glasses and a book,"tank14,armour,tank,combat vechicle,tracks,weapon,cannon,afv,wood,wooden,brown table,tiles,concept,alphabet,letters,lettering,word,background,buzzword",8,
tank15-s1.jpg,tank15 word or concept represented by wooden letter tiles on a wooden table with glasses and a book,"tank15,armour,tank,combat vechicle,tracks,weapon,cannon,afv,wood,wooden,brown table,tiles,concept,alphabet,letters,lettering,word,background,buzzword",8,
tank16-s1.jpg,tank16 word or concept represented by wooden letter tiles on a wooden table with glasses and a book,"tank16,armour,tank,combat vechicle,tracks,weapon,cannon,afv,wood,wooden,brown table,tiles,concept,alphabet,letters,lettering,word,background,buzzword",8,
tank17-s1.jpg,tank17 word or concept represented by wooden letter tiles on a wooden table with glasses and a book,"tank17,armour,tank,combat vechicle,tracks,weapon,cannon,afv,wood,wooden,brown table,tiles,concept,alphabet,letters,lettering,word,background,buzzword",8,
tank18-s1.jpg,tank18 word or concept represented by wooden letter tiles on a wooden table with glasses and a book,"tank18,armour,tank,combat vechicle,tracks,weapon,cannon,afv,wood,wooden,brown table,tiles,concept,alphabet,letters,lettering,word,background,buzzword",8,
tank19-s1.jpg,tank19 word or concept represented by wooden letter tiles on a wooden table with glasses and a book,"tank19,armour,tank,combat vechicle,tracks,weapon,cannon,afv,wood,wooden,brown table,tiles,concept,alphabet,letters,lettering,word,background,buzzword",8,
tank20-s1.jpg,tank20 word or concept represented by wooden letter tiles on a wooden table with glasses and a book,"tank20,armour,tank,combat vechicle,tracks,weapon,cannon,afv,wood,wooden,brown table,tiles,concept,alphabet,letters,lettering,word,background,buzzword",8,
tank21-s1.jpg,tank21 word or concept represented by wooden letter tiles on a wooden table with glasses and a book,"tank21,armour,tank,combat vechicle,tracks,weapon,cannon,afv,wood,wooden,brown table,tiles,concept,alphabet,letters,lettering,word,background,buzzword",8,
tank22-s1.jpg,tank22 word or concept represented by wooden letter tiles on a wooden table with glasses and a book,"tank22,armour,tank,combat vechicle,tracks,weapon,cannon,afv,wood,wooden,brown table,tiles,concept,alphabet,letters,lettering,word,background,buzzword",8,
tank23-s1.jpg,tank23 word or concept represented by wooden letter tiles on a wooden table with glasses and a book,"tank23,armour,tank,combat vechicle,tracks,weapon,cannon,afv,wood,wooden,brown table,tiles,concept,alphabet,letters,lettering,word,background,buzzword",8,
tank24-s1.jpg,tank24 word or concept represented by wooden letter tiles on a wooden table with glasses and a book,"tank24,armour,tank,combat vechicle,tracks,weapon,cannon,afv,wood,wooden,brown table,tiles,concept,alphabet,letters,lettering,word,background,buzzword",8,
tank25-s1.jpg,tank25 word or concept represented by wooden letter tiles on a wooden table with glasses and a book,"tank25,armour,tank,combat vechicle,tracks,weapon,cannon,afv,wood,wooden,brown table,tiles,concept,alphabet,letters,lettering,word,background,buzzword",8,
tank26-s1.jpg,tank26 word or concept represented by wooden letter tiles on a wooden table with glasses and a book,"tank26,armour,tank,combat vechicle,tracks,weapon,cannon,afv,wood,wooden,brown table,tiles,concept,alphabet,letters,lettering,word,background,buzzword",8,
tank27-s1.jpg,tank27 word or concept represented by wooden letter tiles on a wooden table with glasses and a book,"tank27,armour,tank,combat vechicle,tracks,weapon,cannon,afv,wood,wooden,brown table,tiles,concept,alphabet,letters,lettering,word,background,buzzword",8,
tank28-s1.jpg,tank28 word or concept represented by wooden letter tiles on a wooden table with glasses and a book,"tank28,armour,tank,combat vechicle,tracks,weapon,cannon,afv,wood,wooden,brown table,tiles,concept,alphabet,letters,lettering,word,background,buzzword",8,
tank29-s1.jpg,tank29 word or concept represented by wooden letter tiles on a wooden table with glasses and a book,"tank29,armour,tank,combat vechicle,tracks,weapon,cannon,afv,wood,wooden,brown table,tiles,concept,alphabet,letters,lettering,word,background,buzzword",8,
tank30-s1.jpg,tank30 word or concept represented by wooden letter tiles on a wooden table with glasses and a book,"tank30,armour,tank,combat vechicle,tracks,weapon,cannon,afv,wood,wooden,brown table,tiles,concept,alphabet,letters,lettering,word,background,buzzword",8,
tank31-s1.jpg,tank31 word or concept represented by wooden letter tiles on a wooden table with glasses and a book,"tank31,armour,tank,combat vechicle,tracks,weapon,cannon,afv,wood,wooden,brown table,tiles,concept,alphabet,letters,lettering,word,background,buzzword",8,
tank32-s1.jpg,tank32 word or concept represented by wooden letter tiles on a wooden table with glasses and a book,"tank32,armour,tank,combat vechicle,tracks,weapon,cannon,afv,wood,wooden,brown table,tiles,concept,alphabet,letters,lettering,word,background,buzzword",8,
tank33-s1.jpg,tank33 word or concept represented by wooden letter tiles on a wooden table with glasses and a book,"tank33,armour,tank,combat vechicle,tracks,weapon,cannon,afv,wood,wooden,brown table,tiles,concept,alphabet,letters,lettering,word,background,buzzword",8,
tank34-s1.jpg,tank34 word or concept represented by wooden letter tiles on a wooden table with glasses and a book,"tank34,armour,tank,combat vechicle,tracks,weapon,cannon,afv,wood,wooden,brown table,tiles,concept,alphabet,letters,lettering,word,background,buzzword",8,
tank35-s1.jpg,tank35 word or concept represented by wooden letter tiles on a wooden table with glasses and a book,"tank35,armour,tank,combat vechicle,tracks,weapon,cannon,afv,wood,wooden,brown table,tiles,concept,alphabet,letters,lettering,word,background,buzzword",8,
tank36-s1.jpg,tank36 word or concept represented by wooden letter tiles on a wooden table with glasses and a book,"tank36,armour,tank,combat vechicle,tracks,weapon,cannon,afv,wood,wooden,brown table,tiles,concept,alphabet,letters,lettering,word,background,buzzword",8,
tank37-s1.jpg,tank37 word or concept represented by wooden letter tiles on a wooden table with glasses and a book,"tank37,armour,tank,combat vechicle,tracks,weapon,cannon,afv,wood,wooden,brown table,tiles,concept,alphabet,letters,lettering,word,background,buzzword",8,
tank38-s1.jpg,tank38 word or concept represented by wooden letter tiles on a wooden table with glasses and a book,"tank38,armour,tank,combat vechicle,tracks,weapon,cannon,afv,wood,wooden,brown table,tiles,concept,alphabet,letters,lettering,word,background,buzzword",8,
tank39-s1.jpg,tank39 word or concept represented by wooden letter tiles on a wooden table with glasses and a book,"tank39,armour,tank,combat vechicle,tracks,weapon,cannon,afv,wood,wooden,brown table,tiles,concept,alphabet,letters,lettering,word,background,buzzword",8,
tank40-s1.jpg,tank40 word or concept represented by wooden letter tiles on a wooden table with glasses and a book,"tank40,armour,tank,combat vechicle,tracks,weapon,cannon,afv,wood,wooden,brown table,tiles,concept,alphabet,letters,lettering,word,background,buzzword",8,
tank41-s1.jpg,tank41 word or concept represented by wooden letter tiles on a wooden table with glasses and a book,"tank41,armour,tank,combat vechicle,tracks,weapon,cannon,afv,wood,wooden,brown table,tiles,concept,alphabet,letters,lettering,word,background,buzzword",8,
tank42-s1.jpg,tank42 word or concept represented by wooden letter tiles on a wooden table with glasses and a book,"tank42,armour,tank,combat vechicle,tracks,weapon,cannon,afv,wood,wooden,brown table,tiles,concept,alphabet,letters,lettering,word,background,buzzword",8,
